"name","status","lead","created_at","last_edited_at","area","themes","tags"
"10x10 Community Capital Leadership Retreat","","","2025-09-07T23:01:00.000Z","2025-09-24T02:53:00.000Z","","",""
"A Curious Tractor Conservation Collective (ACT-CC)","Internal","Nicholas Marchesi","2025-05-16T05:28:00.000Z","2025-09-10T02:53:00.000Z","Decentralised Power","Storytelling; Economic Freedom; Health and wellbeing","Storytelling; Health; Living"
"ACT business set up","Internal","Benjamin Knight","2025-05-31T00:50:00.000Z","2025-09-10T02:53:00.000Z","Decentralised Power","Economic Freedom","Collaboration; Storytelling"
"ACT Notion / Tool Audit {Farm Plan} ","Ideation 🌀","Nicholas Marchesi","2025-06-13T21:51:00.000Z","2025-09-10T02:53:00.000Z","Creativity","Operations",""
"ACT stop, revive, thrive in Bali","Active 🔥","Benjamin Knight","2025-10-21T18:51:00.000Z","2025-10-24T06:49:00.000Z","Decentralised Power","Operations",""
"Active Projects Overview 🌱","","","2025-09-28T07:18:00.000Z","2025-09-28T07:31:00.000Z","","",""
"AIME","Transferred ✅","Benjamin Knight","2025-04-19T01:28:00.000Z","2025-09-10T02:53:00.000Z","Radical Humility","Indigenous; Global community","Collaboration; Storytelling"
"Barkly Backbone","Ideation 🌀","Benjamin Knight","2025-07-07T03:33:00.000Z","2025-09-10T02:53:00.000Z","Truth-Telling","Storytelling",""
"BCV Reforest ","Ideation 🌀","Nicholas Marchesi","2025-02-18T10:27:00.000Z","2025-09-10T02:53:00.000Z","Creativity","Health and wellbeing","Health; Living; Connected"
"BCV: Regenerative Conservation","Ideation 🌀","Benjamin Knight","2025-05-10T10:12:00.000Z","2025-09-10T02:54:00.000Z","Decentralised Power","Health and wellbeing",""
"BG Fit","Active 🔥","Benjamin Knight","2025-02-03T21:54:00.000Z","2025-09-10T02:53:00.000Z","Decentralised Power","Youth Justice","Empathy Ledger; Health; justice"
"Bimberi - Holiday Programs","Ideation 🌀","Benjamin Knight","2025-02-03T21:53:00.000Z","2025-09-10T02:54:00.000Z","Truth-Telling","Youth Justice","Collaboration; Storytelling"
"Contained","Active 🔥","Benjamin Knight","2025-07-06T23:34:00.000Z","2025-09-18T01:54:00.000Z","Truth-Telling","Youth Justice",""
"Custodian Economy","Active 🔥","Benjamin Knight","2025-04-16T07:08:00.000Z","2025-09-10T02:55:00.000Z","Decentralised Power","Youth Justice; Health and wellbeing","Health; Experience; Strategy"
"Dad.Lab.25","Active 🔥","Nicholas Marchesi","2025-06-01T02:32:00.000Z","2025-10-20T08:02:00.000Z","Creativity","Health and wellbeing",""
"Deadly Homes and Gardens ","Ideation 🌀","Nicholas Marchesi","2025-01-14T02:21:00.000Z","2025-09-10T02:55:00.000Z","Radical Humility","Health and wellbeing","Health; Concept; Strategy"
"Designing for Obsolescence","Active 🔥","Benjamin Knight","2025-07-13T20:34:00.000Z","2025-09-10T02:52:00.000Z","Creativity","Art",""
"DGR Community category application","Sunsetting 🌅","Benjamin Knight","2025-02-27T20:20:00.000Z","2025-09-10T02:55:00.000Z","Decentralised Power","Operations","justice; Collaboration"
"Diagrama","Active 🔥","Benjamin Knight","2025-01-12T23:16:00.000Z","2025-09-03T02:39:00.000Z","Decentralised Power","Youth Justice","Storytelling; Collaboration"
"Empathy Ledger","Active 🔥","Benjamin Knight","2025-01-26T05:48:00.000Z","2025-09-10T02:55:00.000Z","Truth-Telling","Storytelling","Storytelling"
"Fairfax & PLACE tech ","","","2025-09-25T20:27:00.000Z","2025-10-06T00:59:00.000Z","","",""
"Fishers Oysters ","Active 🔥","Benjamin Knight","2025-01-14T02:20:00.000Z","2025-09-10T02:55:00.000Z","Decentralised Power","Youth Justice; Economic Freedom","Empathy Ledger; Concept"
" Global Laundry Alliance (GLA)","Transferred ✅","Nicholas Marchesi","2025-03-22T07:32:00.000Z","2025-08-07T11:59:00.000Z","Decentralised Power","Global community","Empathy Ledger; Collaboration"
"Go big // Funding ACT","Active 🔥","Benjamin Knight","2025-08-19T21:06:00.000Z","2025-09-10T02:59:00.000Z","Creativity","Economic Freedom; Storytelling; Operations",""
"Goods.","Active 🔥","Nicholas Marchesi","2025-01-10T12:22:00.000Z","2025-09-03T02:40:00.000Z","Decentralised Power","Health and wellbeing; Indigenous","Health; Product"
"June's Patch","Active 🔥","Nicholas Marchesi","2025-07-06T20:25:00.000Z","2025-09-10T02:55:00.000Z","Radical Humility","Health and wellbeing",""
"JusticeHub","Active 🔥","Benjamin Knight","2025-01-12T10:30:00.000Z","2025-10-21T02:40:00.000Z","Decentralised Power","Youth Justice","Collaboration; Storytelling"
"JusticeHub - Centre of Excellence","Ideation 🌀","Benjamin Knight","2025-02-20T10:07:00.000Z","2025-09-10T02:55:00.000Z","Decentralised Power","Youth Justice","justice"
"Maningrida - Justice Reinvestment","Ideation 🌀","Benjamin Knight","2025-05-02T21:27:00.000Z","2025-09-10T02:57:00.000Z","Decentralised Power","Youth Justice; Indigenous; Storytelling","Storytelling"
"MingaMinga Rangers","Active 🔥","Benjamin Knight","2025-07-26T02:09:00.000Z","2025-09-10T02:58:00.000Z","Creativity","Indigenous; Health and wellbeing; Economic Freedom",""
"MMEIC - Justice Projects","Active 🔥","Benjamin Knight","2025-01-12T06:47:00.000Z","2025-09-10T02:57:00.000Z","Radical Humility","Youth Justice; Indigenous; Storytelling","Storytelling; Collaboration"
"Murrup + ACT","Active 🔥","Benjamin Knight","2025-09-24T22:46:00.000Z","2025-09-25T20:38:00.000Z","Creativity","Health and wellbeing; Indigenous; Storytelling",""
"NFP leaders interview project","Active 🔥","Nicholas Marchesi","2025-07-19T02:22:00.000Z","2025-10-10T23:44:00.000Z","Radical Humility","Indigenous; Health and wellbeing; Global community","Collaboration; Research; Strategy"
"Oonchiumpa","Active 🔥","Nicholas Marchesi","2025-04-13T22:46:00.000Z","2025-09-03T02:44:00.000Z","Truth-Telling","Youth Justice","justice"
"Orange Sky Empathy Ledger Project Repository - review","Transferred ✅","Benjamin Knight","2025-06-21T21:10:00.000Z","2025-09-10T02:57:00.000Z","Truth-Telling","Storytelling",""
"OS Playground ","Ideation 🌀","Benjamin Knight","2025-03-09T22:26:00.000Z","2025-09-10T02:57:00.000Z","Decentralised Power","Storytelling","Health; Digital Experience; Research"
"PICC - Storm Stories","Active 🔥","Benjamin Knight","2025-01-11T05:31:00.000Z","2025-09-03T02:41:00.000Z","Decentralised Power","Health and wellbeing; Indigenous","Health; Storytelling"
"PICC Annual Report","Active 🔥","Benjamin Knight","2025-07-12T02:11:00.000Z","2025-09-03T02:41:00.000Z","Decentralised Power","Storytelling; Indigenous",""
"PICC Elders' trip to Hull River in October","Active 🔥","Benjamin Knight","2025-09-01T21:02:00.000Z","2025-09-10T02:59:00.000Z","Truth-Telling","Indigenous; Storytelling; Art",""
"PICC Photo Kiosk / Server","Active 🔥","Nicholas Marchesi","2025-07-12T02:11:00.000Z","2025-09-03T02:41:00.000Z","Decentralised Power","Storytelling; Economic Freedom; Indigenous",""
"PICC Station Precinct","Active 🔥","Benjamin Knight","2025-08-18T08:20:00.000Z","2025-10-22T21:51:00.000Z","Creativity","Indigenous; Health and wellbeing; Youth Justice",""
"Project Her Self design","Active 🔥","Benjamin Knight","2025-05-29T04:44:00.000Z","2025-09-10T02:57:00.000Z","Truth-Telling","Storytelling","Storytelling; Experience; Design"
"QFCC Empathy Ledger","Ideation 🌀","Benjamin Knight","2025-04-16T07:20:00.000Z","2025-09-10T02:57:00.000Z","Decentralised Power","Youth Justice; Storytelling","Storytelling; Collaboration"
"Regional Arts Fellowship","Active 🔥","Benjamin Knight","2025-09-05T10:47:00.000Z","2025-09-10T03:00:00.000Z","","Art; Health and wellbeing",""
"RPPP Stream Two: Precinct delivery","Ideation 🌀","","2025-08-17T01:04:00.000Z","2025-08-25T07:45:00.000Z","Decentralised Power","Economic Freedom; Operations",""
"SAF Foundation Master ","Transferred ✅","Nicholas Marchesi","2025-02-07T21:13:00.000Z","2025-08-11T03:07:00.000Z","Decentralised Power","Operations","Strategy; Client Led; Collaboration"
"SEFA Partnership","Ideation 🌀","Benjamin Knight","2025-01-25T08:55:00.000Z","2025-07-12T00:50:00.000Z","Decentralised Power","Economic Freedom","Business; Strategy"
"SMART Connect","Active 🔥","Benjamin Knight","2025-08-31T09:47:00.000Z","2025-10-03T20:42:00.000Z","Truth-Telling","Storytelling; Operations; Innovation",""
"SMART HCP GP Uplift Project ","Active 🔥","Benjamin Knight","2025-01-30T23:23:00.000Z","2025-09-10T02:57:00.000Z","Creativity","Health and wellbeing",""
"SMART Recovery","Ideation 🌀","Benjamin Knight","2025-02-03T11:48:00.000Z","2025-09-10T02:57:00.000Z","Creativity","Health and wellbeing; Storytelling; Operations","Health; Storytelling"
"SXSW 2025","Ideation 🌀","Benjamin Knight","2025-03-07T10:12:00.000Z","2025-09-10T02:57:00.000Z","Truth-Telling","Storytelling","Storytelling; Experience"
"The Confessional","Active 🔥","Nicholas Marchesi","2025-07-07T03:48:00.000Z","2025-09-10T02:58:00.000Z","Truth-Telling","Art; Storytelling",""
"The Double Disadvantage: Supporting Young People with Disabilities in Queensland's Justice System","Ideation 🌀","Benjamin Knight","2025-05-19T21:25:00.000Z","2025-09-10T02:58:00.000Z","Truth-Telling","Youth Justice","Health; Empathy Ledger; justice"
"The Shed","Active 🔥","Benjamin Knight","2025-06-17T05:11:00.000Z","2025-09-10T02:58:00.000Z","Decentralised Power","Health and wellbeing",""
"TOMNET","Sunsetting 🌅","Benjamin Knight","2025-02-03T21:47:00.000Z","2025-07-12T04:46:00.000Z","Truth-Telling","Storytelling","Storytelling; Health"
"Travelling women’s car | Cultural preservation - draft","Ideation 🌀","","2025-09-25T09:43:00.000Z","2025-10-22T21:52:00.000Z","","",""
"Travelling women’s car | Cultural preservation and survival for future generations to come 
","Active 🔥","Benjamin Knight","2025-09-18T08:57:00.000Z","2025-10-23T06:03:00.000Z","Creativity","Storytelling; Economic Freedom",""
"Uncle Allan Palm Island Art","Active 🔥","Benjamin Knight","2025-09-01T07:46:00.000Z","2025-09-03T02:42:00.000Z","Creativity","Art; Storytelling",""
"Westpac Summit 2025 ","Sunsetting 🌅","Nicholas Marchesi","2025-03-24T15:11:00.000Z","2025-07-12T04:46:00.000Z","Creativity","Storytelling","Storytelling; Design; Event"
"Wilya Janta Communications","Ideation 🌀","Benjamin Knight","2025-05-15T00:33:00.000Z","2025-09-10T02:58:00.000Z","Truth-Telling","Indigenous; Economic Freedom; Storytelling","Storytelling"
"YAC story and action","Sunsetting 🌅","Nicholas Marchesi","2025-04-17T06:53:00.000Z","2025-07-12T04:46:00.000Z","Truth-Telling","Storytelling","Storytelling; Empathy Ledger; Digital Experience"
